{"cameraMode":{"drawMode":0,"name":"Shaded","section":"Shading Mode"},"sceneLighting":true,"audioPlay":false,"sceneViewState":{"m_AlwaysRefresh":false,"showFog":true,"showSkybox":true,"showFlares":true,"showImageEffects":true,"showParticleSystems":true,"showVisualEffectGraphs":true,"m_FxEnabled":true},"in2DMode":false,"pivot":{"x":-3.0414421558380129,"y":-2.557530641555786,"z":1.9847123622894288},"rotation":{"x":0.026396816596388818,"y":0.0029968961607664825,"z":-0.00007907866529421881,"w":0.9996510148048401},"size":2.9174349308013918,"orthographic":false}